id,employee_id,date,status,notes,created_at
007e88ed-75dc-4a18-a0bb-8199dcd1e519,6cab2a2c-bf77-48ca-95d1-b9c53aed6624,2026-01-02,present,,2026-02-05 11:44:10.814238+00
00fc5c25-aebb-4c47-824e-9b4ea15ba579,7c9c6511-2c10-4a3a-bccf-4ff26e37d391,2026-01-30,present,,2026-02-05 11:47:05.557094+00
01066807-e013-4a9d-8eb1-0ceed7a335c7,0809cb1a-5c94-45e6-a2da-fb25ac10dd25,2026-01-31,absent,,2026-02-05 11:47:05.738218+00
0191d1bb-a431-476d-90b1-9002990c7b3f,0809cb1a-5c94-45e6-a2da-fb25ac10dd25,2026-01-26,present,,2026-02-05 11:46:55.612118+00
02b22122-cb46-49a2-be22-ef6c7b24590b,f41a7d58-7aa2-412a-b1cb-ec42a74b8307,2026-01-26,present,,2026-02-05 11:46:57.026791+00
02ce363d-9e1f-424e-86d1-38f09b86e055,0809cb1a-5c94-45e6-a2da-fb25ac10dd25,2026-01-24,present,,2026-02-05 11:46:47.450217+00
03a9058a-f6c2-45fc-83d8-53da9d12fc42,224d76cd-e381-47ca-8280-9b8ad9fbf5da,2026-01-23,present,,2026-02-05 11:46:25.601035+00
03d74cbc-b58a-417b-b06d-e33808d6646d,e0b04c39-a8bf-4e4e-8931-21f102ea7e37,2026-01-17,present,,2026-02-05 11:45:59.176449+00
064e452c-a57c-4951-8fb9-f1619f4e2cd3,5e76c765-0437-434d-9299-cb856f5fb431,2026-01-03,present,,2026-01-29 12:35:56.760855+00
071bc070-6f52-4b0d-8f4a-a2290f76fceb,fb30dfd9-51ce-47e3-a30a-4ee1de5a8e69,2026-01-29,present,,2026-02-05 11:47:05.533474+00
07386ada-addb-47ac-b3df-fb143e9e7dcc,e0b04c39-a8bf-4e4e-8931-21f102ea7e37,2026-01-29,present,,2026-02-05 11:47:05.538425+00
08404283-b524-47f8-bb84-7d19e6d0d176,7c9c6511-2c10-4a3a-bccf-4ff26e37d391,2026-01-01,present,,2026-02-05 11:44:06.491121+00
090b310b-194b-4bc6-b061-e8dd95393f35,e0b04c39-a8bf-4e4e-8931-21f102ea7e37,2026-01-30,present,,2026-02-05 11:47:05.559196+00
0959f9c3-74eb-4cb3-bcc0-649b45c4ffce,7c9c6511-2c10-4a3a-bccf-4ff26e37d391,2026-01-19,present,,2026-02-05 11:46:04.346093+00
098ba84b-ed49-432f-880e-c5290d2a4dd7,224d76cd-e381-47ca-8280-9b8ad9fbf5da,2026-01-21,present,,2026-02-05 11:46:04.956475+00
09d08dc2-7a4d-4446-a45d-269e57e1c665,9bdf1ef5-26d7-4ae2-a590-fab27d29717f,2026-01-06,present,,2026-02-05 11:44:39.08756+00
0b13eb96-7b9b-4094-a0bd-5481a7926ce0,f41a7d58-7aa2-412a-b1cb-ec42a74b8307,2026-01-20,present,,2026-02-05 11:46:04.917704+00
0bad7fe6-9d54-4b3e-a96b-d9c5e840b5e5,bdf5a01c-43b0-4851-a170-1c0c39e000d1,2026-01-24,present,,2026-02-05 11:46:47.478749+00
0bcc4098-c91a-4c2c-acf7-d65e58819a94,0809cb1a-5c94-45e6-a2da-fb25ac10dd25,2026-01-18,holiday,,2026-01-29 12:37:30.824572+00
0c05b131-ade4-47bc-969f-ba67bd5f12d5,7c9c6511-2c10-4a3a-bccf-4ff26e37d391,2026-01-16,present,,2026-02-05 11:45:24.054724+00
0cc117fe-2a5c-4409-b2d5-7ea0e8cc3323,d20ff633-88f0-4493-994d-ace8850dd38a,2026-01-05,present,,2026-02-05 11:44:23.439027+00
0ce14114-4376-4272-bc3d-ec85c3f6ddd9,7c9c6511-2c10-4a3a-bccf-4ff26e37d391,2026-01-07,present,,2026-02-05 11:44:45.035564+00
0df1b8de-1a1f-4a97-9aad-cd2021af62c1,7c9c6511-2c10-4a3a-bccf-4ff26e37d391,2026-01-08,present,,2026-02-05 11:44:51.176629+00
10c70b8c-5a89-4b1b-a7f2-c5a2cae3a4e8,9bdf1ef5-26d7-4ae2-a590-fab27d29717f,2026-01-15,present,,2026-02-05 11:45:09.220312+00
10fb2f61-a04c-45a5-8b6b-4ee2abe97c2b,f720d096-bcee-4dfa-8250-451fda7d0c9a,2026-01-09,present,,2026-02-05 11:44:32.957983+00
11c4b62a-6220-46c0-b176-e173d7bb72bd,e0b04c39-a8bf-4e4e-8931-21f102ea7e37,2026-01-18,present,,2026-01-29 12:37:30.842762+00
1298b1ce-707a-4842-a08b-b3e8c4fe943d,224d76cd-e381-47ca-8280-9b8ad9fbf5da,2026-01-07,present,,2026-02-05 11:44:45.039007+00
12db2075-bae1-4f7d-8280-fcb99fa905ef,0809cb1a-5c94-45e6-a2da-fb25ac10dd25,2026-01-08,present,,2026-02-05 11:44:49.135555+00
13a0c1f3-3b47-483b-9c53-cd7d5e5cfe1d,fb30dfd9-51ce-47e3-a30a-4ee1de5a8e69,2026-01-27,present,,2026-02-05 11:47:01.745213+00
1655c8ba-b1a3-461f-a856-7a7a29ee10df,f720d096-bcee-4dfa-8250-451fda7d0c9a,2026-01-24,present,,2026-02-05 11:46:47.478647+00
16a4ea9b-0abf-4caf-b62e-fe03c85b1ad5,5e76c765-0437-434d-9299-cb856f5fb431,2026-01-09,absent,,2026-01-29 12:36:44.491438+00
17a6efc9-6116-48d2-9f7a-87162628453d,d20ff633-88f0-4493-994d-ace8850dd38a,2026-01-08,present,,2026-02-05 11:44:50.594568+00
184382a2-bd5e-4778-bfa7-bc3dcedf0171,9bdf1ef5-26d7-4ae2-a590-fab27d29717f,2026-01-07,present,,2026-02-05 11:44:43.838761+00
190e79a0-f3ce-4359-b0b8-6bba1f20b8e1,40cdb58a-eb46-431d-a7fc-b133d09d7605,2026-01-11,present,,2026-02-05 11:44:58.143909+00
1914db1c-2ad9-4ce6-b578-3e6fcc9b2a80,5e76c765-0437-434d-9299-cb856f5fb431,2026-01-19,present,,2026-01-29 12:37:34.622334+00
1ab196d6-ab07-4a1e-81d0-bd27b4e31cb4,bdf5a01c-43b0-4851-a170-1c0c39e000d1,2026-01-25,present,,2026-02-05 11:46:54.322216+00
1ae20a15-3638-4558-9fb3-9e6cb1b3a3c3,0809cb1a-5c94-45e6-a2da-fb25ac10dd25,2026-01-05,present,,2026-02-05 11:44:23.39722+00
1cd8cadf-b3d8-4ab5-a7be-5991301b789f,f720d096-bcee-4dfa-8250-451fda7d0c9a,2026-01-06,present,,2026-02-05 11:44:42.831911+00
1cefce40-78b3-4f0b-b4ae-c17ec79fd1cf,e0b04c39-a8bf-4e4e-8931-21f102ea7e37,2026-01-25,present,,2026-02-05 11:46:54.658685+00
1d6b2c6a-7808-4551-bcae-c506abc26ad1,6cab2a2c-bf77-48ca-95d1-b9c53aed6624,2026-01-09,present,,2026-02-05 11:44:29.245532+00
1d72387b-210d-4a04-a013-40e7ec61133e,6cab2a2c-bf77-48ca-95d1-b9c53aed6624,2026-01-30,present,,2026-02-05 11:47:05.54536+00
1dac909d-d8ee-4987-a01a-d49e530daf5a,224d76cd-e381-47ca-8280-9b8ad9fbf5da,2026-01-30,present,,2026-02-05 11:47:05.732623+00
1e56b69f-8d30-40ac-9204-8093b4b6d9f3,e0b04c39-a8bf-4e4e-8931-21f102ea7e37,2026-01-06,present,,2026-02-05 11:44:42.470888+00
1eabd5ad-4644-4e47-aaf9-452d63fe76c7,0809cb1a-5c94-45e6-a2da-fb25ac10dd25,2026-01-09,absent,,2026-02-05 11:44:29.199453+00
2037dc06-a959-4410-b759-ae7004ef310a,e0b04c39-a8bf-4e4e-8931-21f102ea7e37,2026-01-24,present,,2026-02-05 11:46:47.477045+00
2226d19e-b588-45c1-8414-11e110e3a641,5e76c765-0437-434d-9299-cb856f5fb431,2026-01-20,present,,2026-01-29 12:37:37.876057+00
2226f020-43a7-43c9-8598-c0b301b13d92,0809cb1a-5c94-45e6-a2da-fb25ac10dd25,2026-01-30,present,,2026-02-05 11:47:05.541422+00
228f7d6c-00d1-41cd-8e4b-0abfe8a95094,d20ff633-88f0-4493-994d-ace8850dd38a,2026-01-01,present,,2026-02-05 11:44:06.462569+00
22af2e14-c04c-4ea0-a81b-a554be2f0e9d,7c9c6511-2c10-4a3a-bccf-4ff26e37d391,2026-01-02,present,,2026-02-05 11:44:10.816916+00
22d5cfe4-d36b-422d-9530-24c65741a76e,bdf5a01c-43b0-4851-a170-1c0c39e000d1,2026-01-28,present,,2026-02-05 11:47:05.509496+00
2503b212-29f0-4de8-9e4a-4bcd6451f25e,bdf5a01c-43b0-4851-a170-1c0c39e000d1,2026-01-18,holiday,,2026-01-29 12:37:30.867075+00
25946a5d-ae0e-471f-be45-adb517be83a0,40cdb58a-eb46-431d-a7fc-b133d09d7605,2026-01-14,present,,2026-02-05 11:45:09.148806+00
260b45ea-b5de-4373-a1ee-a5bfdceaf368,6cab2a2c-bf77-48ca-95d1-b9c53aed6624,2026-01-12,present,,2026-02-05 11:45:03.137655+00
265878d2-11cf-447a-a148-a174cd645170,40cdb58a-eb46-431d-a7fc-b133d09d7605,2026-01-25,present,,2026-02-05 11:46:52.30622+00
26afff86-bb8f-4c73-94cc-e66640da09ed,5e76c765-0437-434d-9299-cb856f5fb431,2026-01-27,present,,2026-01-29 12:38:07.996192+00
26d96c7d-4cbe-443a-a393-d26d471245da,fb30dfd9-51ce-47e3-a30a-4ee1de5a8e69,2026-01-22,present,,2026-02-05 11:46:22.906459+00
27525895-81bd-41bc-a3bb-2a18a3906b7f,f41a7d58-7aa2-412a-b1cb-ec42a74b8307,2026-01-05,present,,2026-02-05 11:44:23.39823+00
2845a361-3355-44a4-be68-ccba99210de6,9bdf1ef5-26d7-4ae2-a590-fab27d29717f,2026-01-12,present,,2026-02-05 11:45:03.071172+00
28a72315-06fd-4961-8910-aa3fc28d4d9a,7c9c6511-2c10-4a3a-bccf-4ff26e37d391,2026-01-21,present,,2026-02-05 11:46:04.948714+00
2a56fe00-a4e2-4da6-bf8d-614c6cead770,fb30dfd9-51ce-47e3-a30a-4ee1de5a8e69,2026-01-03,present,,2026-02-05 11:44:16.995566+00
2b2790e4-9b04-4806-a682-20ee514dcd97,f41a7d58-7aa2-412a-b1cb-ec42a74b8307,2026-01-11,present,,2026-02-05 11:44:58.144662+00
2b650d7d-798c-4eff-aa82-1c963d4c9163,7c9c6511-2c10-4a3a-bccf-4ff26e37d391,2026-01-09,present,,2026-02-05 11:44:29.270854+00
2b838891-0d4f-4386-85d5-56b944ff48cb,bdf5a01c-43b0-4851-a170-1c0c39e000d1,2026-01-19,present,,2026-02-05 11:46:04.816495+00
2d1430b8-1213-4a67-9720-0811b77a007e,224d76cd-e381-47ca-8280-9b8ad9fbf5da,2026-01-03,present,,2026-02-05 11:44:17.207337+00
2ddb2494-3919-44d9-817f-e9a8351d9903,5e76c765-0437-434d-9299-cb856f5fb431,2026-01-28,present,,2026-01-29 12:38:11.296663+00
2eec55d8-8cfb-4007-9880-065789d6bfad,7c9c6511-2c10-4a3a-bccf-4ff26e37d391,2026-01-29,present,,2026-02-05 11:47:05.537854+00
2f3b1233-972a-4822-a76f-796c9165095c,0809cb1a-5c94-45e6-a2da-fb25ac10dd25,2026-01-03,present,,2026-02-05 11:44:17.02604+00
2f4d9e70-2171-4516-826a-6e43f58cf527,6cab2a2c-bf77-48ca-95d1-b9c53aed6624,2026-01-31,present,,2026-02-05 11:47:05.581804+00
3080e68f-04bf-411d-b262-45de32d4877b,0809cb1a-5c94-45e6-a2da-fb25ac10dd25,2026-01-13,absent,,2026-02-05 11:45:07.798029+00
31a9b6e4-8e16-46f9-bdb9-8f2fa80f5fa7,e0b04c39-a8bf-4e4e-8931-21f102ea7e37,2026-01-15,present,,2026-02-05 11:45:09.234053+00
33799248-c9ba-4e58-826e-119baaffee46,f41a7d58-7aa2-412a-b1cb-ec42a74b8307,2026-01-03,present,,2026-02-05 11:44:16.996208+00
3385fa45-960e-46de-a65a-955c5663022d,bdf5a01c-43b0-4851-a170-1c0c39e000d1,2026-01-08,present,,2026-02-05 11:44:51.785334+00
33d91cdb-8d4b-407c-b660-2955fe619d25,d20ff633-88f0-4493-994d-ace8850dd38a,2026-01-20,present,,2026-02-05 11:46:04.88547+00
359322da-4817-440d-b69d-df42fbfc78a0,0809cb1a-5c94-45e6-a2da-fb25ac10dd25,2026-01-23,present,,2026-02-05 11:46:24.425682+00
36b8e4d2-aeb9-4bb4-9071-06b34ab2c861,d20ff633-88f0-4493-994d-ace8850dd38a,2026-01-06,present,,2026-02-05 11:44:39.565073+00
36f13659-5a9f-4936-8c68-d9c13ef39c9b,bdf5a01c-43b0-4851-a170-1c0c39e000d1,2026-01-02,present,,2026-02-05 11:44:10.829659+00
3795d468-b542-4f12-a493-622f46577b5a,e0b04c39-a8bf-4e4e-8931-21f102ea7e37,2026-01-23,present,,2026-02-05 11:46:25.600087+00
397f3b0a-f31e-41c8-819d-665f4b23ab42,6cab2a2c-bf77-48ca-95d1-b9c53aed6624,2026-01-07,present,,2026-02-05 11:44:45.021378+00
3af46160-2e11-4361-9781-b45b27d9ec57,6cab2a2c-bf77-48ca-95d1-b9c53aed6624,2026-01-16,present,,2026-02-05 11:45:24.044912+00
3b8de9af-bbb6-4ad6-8de2-5f28003a168f,fb30dfd9-51ce-47e3-a30a-4ee1de5a8e69,2026-01-06,present,,2026-02-05 11:44:41.838787+00
3c4f3f78-0d3a-4483-8634-eeb6873af45a,fb30dfd9-51ce-47e3-a30a-4ee1de5a8e69,2026-01-07,present,,2026-02-05 11:44:45.032117+00
3d7bbe3c-9c6c-4d07-82c6-7f702a0c11cd,7c9c6511-2c10-4a3a-bccf-4ff26e37d391,2026-01-04,holiday,,2026-01-29 12:36:35.719638+00
3e4a5db0-7c80-48f4-8a83-724ec7e9ef68,0809cb1a-5c94-45e6-a2da-fb25ac10dd25,2026-01-17,present,,2026-02-05 11:45:59.236731+00
3eacdef4-24b2-4462-a360-b9efc64415f8,f720d096-bcee-4dfa-8250-451fda7d0c9a,2026-01-03,present,,2026-02-05 11:44:16.997082+00
3eeab537-8186-4d81-b6c3-d33f1a1a5170,6cab2a2c-bf77-48ca-95d1-b9c53aed6624,2026-01-04,holiday,,2026-01-29 12:36:35.714208+00
3f00421f-500d-4b44-b2c9-c09c91ebdeff,224d76cd-e381-47ca-8280-9b8ad9fbf5da,2026-01-29,present,,2026-02-05 11:47:05.542698+00
3f36d1c4-5a29-4daa-b697-23201cb8e3a2,224d76cd-e381-47ca-8280-9b8ad9fbf5da,2026-01-22,present,,2026-02-05 11:46:24.141821+00
3f95caa8-ce4c-44aa-a172-0453bc4dd2e0,f720d096-bcee-4dfa-8250-451fda7d0c9a,2026-01-01,present,,2026-02-05 11:44:06.199995+00
3fd885f2-25ed-4881-987e-3ed6752df0f8,7c9c6511-2c10-4a3a-bccf-4ff26e37d391,2026-01-15,present,,2026-02-05 11:45:09.220236+00
4068f4b7-0581-4d4d-b14e-38a3dacdfe96,224d76cd-e381-47ca-8280-9b8ad9fbf5da,2026-01-10,present,,2026-02-05 11:44:35.488301+00
4213fa38-984d-4be4-a2cd-5f7d376b84be,9bdf1ef5-26d7-4ae2-a590-fab27d29717f,2026-01-21,present,,2026-02-05 11:46:04.909998+00
427f6195-d814-4d15-add5-c4fdd8eeca9c,9bdf1ef5-26d7-4ae2-a590-fab27d29717f,2026-01-29,present,,2026-02-05 11:47:05.521224+00
4308823c-7078-4631-a381-9a62eecbbd87,9bdf1ef5-26d7-4ae2-a590-fab27d29717f,2026-01-01,present,,2026-02-05 11:44:06.312331+00
43b9b921-97a9-4780-9e9a-41a15d06cebe,7c9c6511-2c10-4a3a-bccf-4ff26e37d391,2026-01-22,present,,2026-02-05 11:46:22.602052+00
43ba8e1b-5eac-4024-8ccc-b596583b6b48,f41a7d58-7aa2-412a-b1cb-ec42a74b8307,2026-01-06,present,,2026-02-05 11:44:39.209236+00
44265edd-c756-4ab7-8bc1-5d4debcd22d1,f720d096-bcee-4dfa-8250-451fda7d0c9a,2026-01-07,present,,2026-02-05 11:44:45.052997+00
449b7af8-3a52-455c-ad80-e64d5b2086a5,bdf5a01c-43b0-4851-a170-1c0c39e000d1,2026-01-04,holiday,,2026-01-29 12:36:35.762741+00
44faac19-8672-4fe9-a9d3-efb064176c5f,224d76cd-e381-47ca-8280-9b8ad9fbf5da,2026-01-13,present,,2026-02-05 11:45:09.121068+00
45dd91b3-3729-4e0d-ae64-484a1e991d31,fb30dfd9-51ce-47e3-a30a-4ee1de5a8e69,2026-01-30,present,,2026-02-05 11:47:05.553653+00
46cb683f-315f-41ba-ae93-e75631fd0db1,40cdb58a-eb46-431d-a7fc-b133d09d7605,2026-01-07,present,,2026-02-05 11:44:45.018959+00
47382713-f0e1-48c2-b61d-757765700b33,f720d096-bcee-4dfa-8250-451fda7d0c9a,2026-01-02,present,,2026-02-05 11:44:10.833378+00
47a29771-9d2e-4f3e-8618-11ba3636ae40,f720d096-bcee-4dfa-8250-451fda7d0c9a,2026-01-13,present,,2026-02-05 11:45:09.153461+00
47c6462f-8bf8-4e25-8d0f-47f360715965,d20ff633-88f0-4493-994d-ace8850dd38a,2026-01-11,present,,2026-02-05 11:44:58.149579+00
47cb26c2-1d82-49c6-839d-247f72758c74,bdf5a01c-43b0-4851-a170-1c0c39e000d1,2026-01-21,present,,2026-02-05 11:46:04.952559+00
48eaf1ac-b4c9-42d3-af03-09f3e81eec83,6cab2a2c-bf77-48ca-95d1-b9c53aed6624,2026-01-17,present,,2026-02-05 11:45:59.251429+00
4a686436-65c4-4db0-b1e2-b355af51d8c5,5e76c765-0437-434d-9299-cb856f5fb431,2026-01-02,present,,2026-02-05 11:44:10.815902+00
4aa25b9e-1d9c-4949-b9f5-00bf63e50e5f,7c9c6511-2c10-4a3a-bccf-4ff26e37d391,2026-01-05,present,,2026-02-05 11:44:24.230381+00
4c861b7a-67da-454b-bac5-d4602d277558,bdf5a01c-43b0-4851-a170-1c0c39e000d1,2026-01-14,present,,2026-02-05 11:45:09.160579+00
4f0c6759-fde7-4ac7-99b9-34a9356f107a,e0b04c39-a8bf-4e4e-8931-21f102ea7e37,2026-01-27,present,,2026-02-05 11:47:01.743626+00
4ffb607b-7e58-45c3-a79e-c7f8b9e3ae64,5e76c765-0437-434d-9299-cb856f5fb431,2026-01-18,holiday,,2026-01-29 12:37:30.870564+00
50927c39-6054-4de1-addb-777c691c383a,bdf5a01c-43b0-4851-a170-1c0c39e000d1,2026-01-17,present,,2026-02-05 11:45:59.253729+00
510772c5-55ee-417f-9014-5b2e598ef1e8,fb30dfd9-51ce-47e3-a30a-4ee1de5a8e69,2026-01-01,present,,2026-02-05 11:44:06.459578+00
51a85206-0e29-49a3-b4dd-298d21931937,40cdb58a-eb46-431d-a7fc-b133d09d7605,2026-01-09,absent,,2026-02-05 11:44:29.241072+00
52acea6f-3910-4565-9164-c9b3e2b577ba,6cab2a2c-bf77-48ca-95d1-b9c53aed6624,2026-01-05,present,,2026-02-05 11:44:23.486837+00
5328a30f-cd3c-42ae-809d-7a0e92d6f637,9bdf1ef5-26d7-4ae2-a590-fab27d29717f,2026-01-18,holiday,,2026-01-29 12:37:30.839357+00
5424b28e-b2ee-4cde-893a-8fd7414d4722,d20ff633-88f0-4493-994d-ace8850dd38a,2026-01-18,holiday,,2026-01-29 12:37:30.825016+00
54bc6519-e1e7-4b61-8ce8-3911f92dfafb,6cab2a2c-bf77-48ca-95d1-b9c53aed6624,2026-01-11,present,,2026-02-05 11:44:58.154176+00
54e16bb7-680f-4335-99af-f1b9f6dfe598,7c9c6511-2c10-4a3a-bccf-4ff26e37d391,2026-01-20,present,,2026-02-05 11:46:04.913902+00
55256621-6aaa-451e-bab1-4bf2961c4ed1,5e76c765-0437-434d-9299-cb856f5fb431,2026-01-08,absent,,2026-01-29 12:36:10.30134+00
567bb25c-35aa-4ab3-a750-c67a31f49a56,d20ff633-88f0-4493-994d-ace8850dd38a,2026-01-12,present,,2026-02-05 11:45:03.078396+00
568fc535-1f83-4d22-a1ac-d9cd0dc89be2,e0b04c39-a8bf-4e4e-8931-21f102ea7e37,2026-01-04,leave,,2026-01-29 12:36:35.736211+00
58a677ca-a5ba-47f1-9e1d-3dca3d4af8ff,6cab2a2c-bf77-48ca-95d1-b9c53aed6624,2026-01-24,present,,2026-02-05 11:46:47.471377+00
591daa4b-a71e-4168-83cd-47153c3408a8,bdf5a01c-43b0-4851-a170-1c0c39e000d1,2026-01-03,present,,2026-02-05 11:44:17.177714+00
592f380e-cc6b-4971-9317-231d96c1517c,40cdb58a-eb46-431d-a7fc-b133d09d7605,2026-01-06,present,,2026-02-05 11:44:39.151454+00
5973888f-646b-4c96-93e0-cab3fb6234d7,f720d096-bcee-4dfa-8250-451fda7d0c9a,2026-01-27,present,,2026-02-05 11:47:01.746683+00
59db214a-909e-47b2-a1e1-cbc8141ddf86,bdf5a01c-43b0-4851-a170-1c0c39e000d1,2026-01-23,present,,2026-02-05 11:46:25.60845+00
59e489f8-fea5-4cd9-b526-d3a32a630e29,fb30dfd9-51ce-47e3-a30a-4ee1de5a8e69,2026-01-17,present,,2026-02-05 11:45:59.240719+00
5ac9b4af-e998-499d-aaa5-1efd24815ad3,5e76c765-0437-434d-9299-cb856f5fb431,2026-01-23,present,,2026-01-29 12:37:55.4524+00
5bb2a551-9165-49ce-ab28-4f600347a2cf,224d76cd-e381-47ca-8280-9b8ad9fbf5da,2026-01-27,present,,2026-02-05 11:47:01.766567+00
5c652183-1607-4ecc-9472-badbc215e577,e0b04c39-a8bf-4e4e-8931-21f102ea7e37,2026-01-16,present,,2026-02-05 11:45:24.067435+00
5c7309a1-3c46-4543-bb60-f0c078ae7e2b,0809cb1a-5c94-45e6-a2da-fb25ac10dd25,2026-01-07,present,,2026-02-05 11:44:43.512318+00
5e6228a6-eb5a-4ce2-ae0f-c2ea06ab3b56,d20ff633-88f0-4493-994d-ace8850dd38a,2026-01-28,present,,2026-02-05 11:47:05.501935+00
5f08704f-6d98-4662-9b09-86e856f725f0,bdf5a01c-43b0-4851-a170-1c0c39e000d1,2026-01-20,present,,2026-02-05 11:46:04.920661+00
6051e523-bd1b-4c52-8a2f-7142b2763a5b,d20ff633-88f0-4493-994d-ace8850dd38a,2026-01-03,present,,2026-02-05 11:44:17.031908+00
6090a0e6-9fce-41f7-aa78-2c172feed396,0809cb1a-5c94-45e6-a2da-fb25ac10dd25,2026-01-25,absent,,2026-02-05 11:46:51.461711+00
616afb38-ca17-4399-b419-c5206d1cd7fc,0809cb1a-5c94-45e6-a2da-fb25ac10dd25,2026-01-20,absent,,2026-02-05 11:46:04.845474+00
6220fba7-70bc-4654-91d0-3df34214b548,7c9c6511-2c10-4a3a-bccf-4ff26e37d391,2026-01-11,present,,2026-02-05 11:44:58.151928+00
62d94086-57d9-4a4c-b5ed-b70696f789dc,6cab2a2c-bf77-48ca-95d1-b9c53aed6624,2026-01-19,present,,2026-02-05 11:46:04.344918+00
6451ebf7-c8cb-4572-b166-c1f939475e50,5e76c765-0437-434d-9299-cb856f5fb431,2026-01-14,absent,,2026-01-29 12:36:59.701926+00
647a5865-6417-4706-8427-e9a9fe4d8d1f,e0b04c39-a8bf-4e4e-8931-21f102ea7e37,2026-01-05,present,,2026-02-05 11:44:27.495563+00
64b1c09c-be92-4536-b084-0b7cd5f284e0,7c9c6511-2c10-4a3a-bccf-4ff26e37d391,2026-01-26,present,,2026-02-05 11:46:58.089566+00
64c133ef-19f1-484f-84be-c774368ef423,fb30dfd9-51ce-47e3-a30a-4ee1de5a8e69,2026-01-21,present,,2026-02-05 11:46:04.950363+00
658de274-340d-4022-9c18-d3f56ec7d306,224d76cd-e381-47ca-8280-9b8ad9fbf5da,2026-01-24,present,,2026-02-05 11:46:47.477298+00
65b51076-ca1b-4916-8650-2d4754984d31,5e76c765-0437-434d-9299-cb856f5fb431,2026-01-12,absent,,2026-01-29 12:36:53.792631+00
65c30b8a-28e1-428b-865c-678f122f957b,d20ff633-88f0-4493-994d-ace8850dd38a,2026-01-19,present,,2026-02-05 11:46:04.350286+00
66db564f-5371-467d-a12b-e4444d380ecf,9bdf1ef5-26d7-4ae2-a590-fab27d29717f,2026-01-19,present,,2026-02-05 11:46:04.345359+00
6988d331-c6cf-4e36-bf16-f811f9e4c45d,5e76c765-0437-434d-9299-cb856f5fb431,2026-01-24,present,,2026-01-29 12:37:59.774196+00
699784ad-2c35-40cd-9098-e99acf4c909f,d20ff633-88f0-4493-994d-ace8850dd38a,2026-01-17,present,,2026-02-05 11:45:59.24491+00
69c25406-5701-463d-8bb6-00197306cdf9,f720d096-bcee-4dfa-8250-451fda7d0c9a,2026-01-30,present,,2026-02-05 11:47:05.730718+00
69fc5cb4-308e-41a0-8f35-27d717513847,d20ff633-88f0-4493-994d-ace8850dd38a,2026-01-15,present,,2026-02-05 11:45:09.247334+00
6a37596b-75eb-4d7b-850f-2b2a350f95ab,5e76c765-0437-434d-9299-cb856f5fb431,2026-01-17,present,,2026-01-29 12:37:06.234052+00
6a3d7dcd-8dcf-47e7-88d3-13bc1817ca09,f41a7d58-7aa2-412a-b1cb-ec42a74b8307,2026-01-08,present,,2026-02-05 11:44:50.300269+00
6a813c07-6b56-44f7-9c4e-d3dc6a582453,9bdf1ef5-26d7-4ae2-a590-fab27d29717f,2026-01-31,present,,2026-02-05 11:47:05.576769+00
6aa28d19-2b13-4de1-b24f-7d7b01ea3b62,e0b04c39-a8bf-4e4e-8931-21f102ea7e37,2026-01-01,present,,2026-02-05 11:44:06.26708+00
6b1412df-ee16-4acc-ba3b-bcc5fa1e124e,40cdb58a-eb46-431d-a7fc-b133d09d7605,2026-01-01,absent,,2026-02-05 11:44:06.481091+00
6bf8d2fe-4d5d-4dbf-a057-6b29efb6de7d,7c9c6511-2c10-4a3a-bccf-4ff26e37d391,2026-01-17,present,,2026-02-05 11:45:59.205913+00
6c594ea3-860b-4578-933a-98ccc1c9e1e0,6cab2a2c-bf77-48ca-95d1-b9c53aed6624,2026-01-08,present,,2026-02-05 11:44:50.905947+00
6c8baecb-3b8f-4512-818e-96ea96469b84,0809cb1a-5c94-45e6-a2da-fb25ac10dd25,2026-01-19,present,,2026-02-05 11:46:04.347265+00
6d71725b-77cb-41eb-bf29-67fbec36e3e5,f720d096-bcee-4dfa-8250-451fda7d0c9a,2026-01-14,present,,2026-02-05 11:45:09.139699+00
6e8125c2-c7f6-4170-aec5-fa476a1c11f2,40cdb58a-eb46-431d-a7fc-b133d09d7605,2026-01-18,holiday,,2026-01-29 12:37:30.879465+00
6eb4e89f-d527-49a1-9654-443a4da28b9c,bdf5a01c-43b0-4851-a170-1c0c39e000d1,2026-01-15,present,,2026-02-05 11:45:09.165746+00
6ed837f4-2f5b-4dc7-893b-28d94c0e14f3,bdf5a01c-43b0-4851-a170-1c0c39e000d1,2026-01-30,present,,2026-02-05 11:47:05.73129+00
6f03b58f-0530-4d63-9c59-ce70063047e4,6cab2a2c-bf77-48ca-95d1-b9c53aed6624,2026-01-03,present,,2026-02-05 11:44:17.191233+00
6f729166-95ca-4c28-b86f-e6b0bfdffe1f,e0b04c39-a8bf-4e4e-8931-21f102ea7e37,2026-01-21,present,,2026-02-05 11:46:04.926975+00
6f7849b8-f235-406d-97de-ddb8459c429d,fb30dfd9-51ce-47e3-a30a-4ee1de5a8e69,2026-01-16,present,,2026-02-05 11:45:24.054193+00
70a19142-2a37-439e-8e0a-cfa98f2e5d3a,40cdb58a-eb46-431d-a7fc-b133d09d7605,2026-01-31,present,,2026-02-05 11:47:05.746232+00
7169a10b-106f-4158-965b-9ee001e409e3,6cab2a2c-bf77-48ca-95d1-b9c53aed6624,2026-01-23,present,,2026-02-05 11:46:25.595586+00
7186e12d-532c-4eb5-94cc-5758c3f8ea22,6cab2a2c-bf77-48ca-95d1-b9c53aed6624,2026-01-06,present,,2026-02-05 11:44:40.904072+00
71bb4cc0-e273-4752-8d49-e56f1e86f4d1,224d76cd-e381-47ca-8280-9b8ad9fbf5da,2026-01-16,present,,2026-02-05 11:45:24.167316+00
71e547f9-656a-4f05-aa5d-94c95b6ba12c,0809cb1a-5c94-45e6-a2da-fb25ac10dd25,2026-01-14,present,,2026-02-05 11:45:09.152502+00
7264eeef-cabe-41dd-946e-754d678e82c1,f41a7d58-7aa2-412a-b1cb-ec42a74b8307,2026-01-22,present,,2026-02-05 11:46:21.568915+00
729f0463-33ec-4559-8ced-12907815ca5f,6cab2a2c-bf77-48ca-95d1-b9c53aed6624,2026-01-13,present,,2026-02-05 11:45:09.11102+00
72e75444-750b-4ed2-8ff6-ff8ae5e9a0b4,9bdf1ef5-26d7-4ae2-a590-fab27d29717f,2026-01-26,present,,2026-02-05 11:46:55.975537+00
73112e4d-2c3b-427a-8f74-d8043096d5e6,fb30dfd9-51ce-47e3-a30a-4ee1de5a8e69,2026-01-09,present,,2026-02-05 11:44:29.351953+00
736dffea-d4f0-4352-910b-06208a0a3b91,bdf5a01c-43b0-4851-a170-1c0c39e000d1,2026-01-26,present,,2026-02-05 11:46:58.927997+00
7517565d-e290-438e-80e7-552b16506d71,9bdf1ef5-26d7-4ae2-a590-fab27d29717f,2026-01-08,present,,2026-02-05 11:44:49.300928+00
755f1eff-e01b-46d3-8555-40146b9cfe2f,bdf5a01c-43b0-4851-a170-1c0c39e000d1,2026-01-27,present,,2026-02-05 11:47:01.748935+00
7700b945-c016-4f14-9392-a81c88b4b890,f41a7d58-7aa2-412a-b1cb-ec42a74b8307,2026-01-27,present,,2026-02-05 11:47:01.682176+00
77276e19-a161-4356-b364-18fe65c4b6de,0809cb1a-5c94-45e6-a2da-fb25ac10dd25,2026-01-10,present,,2026-02-05 11:44:33.800917+00
776fad36-da39-45c0-98c0-9828f7411d4a,40cdb58a-eb46-431d-a7fc-b133d09d7605,2026-01-30,present,,2026-02-05 11:47:05.551836+00
77fa008b-08a7-4352-9259-12aa4b6599d8,f720d096-bcee-4dfa-8250-451fda7d0c9a,2026-01-15,present,,2026-02-05 11:45:09.184107+00
785abe87-f4bd-4590-ab70-aad000ca7229,5e76c765-0437-434d-9299-cb856f5fb431,2026-01-01,present,,2026-02-05 11:44:06.174635+00
7867940d-637a-442c-a060-5ad3a33d6077,bdf5a01c-43b0-4851-a170-1c0c39e000d1,2026-01-10,present,,2026-02-05 11:44:35.478234+00
78de3e0b-78db-49f4-90ce-5569e486d2ec,0809cb1a-5c94-45e6-a2da-fb25ac10dd25,2026-01-15,absent,,2026-02-05 11:45:09.21918+00
7a0d3535-3e1d-43c9-8093-196acbf7f195,f41a7d58-7aa2-412a-b1cb-ec42a74b8307,2026-01-19,present,,2026-02-05 11:46:04.816683+00
7a34c502-1a8a-4fc9-9f0d-7d7347e73e7b,e0b04c39-a8bf-4e4e-8931-21f102ea7e37,2026-01-19,present,,2026-02-05 11:46:04.350917+00
7a8c0501-f83f-47b3-aa37-877c702ae205,6cab2a2c-bf77-48ca-95d1-b9c53aed6624,2026-01-25,present,,2026-02-05 11:46:53.37814+00
7bed31fd-f659-46fc-ac59-ed5a6331362d,f720d096-bcee-4dfa-8250-451fda7d0c9a,2026-01-23,present,,2026-02-05 11:46:25.601654+00
7c8d250f-ab2a-438d-89c9-33f738154299,f41a7d58-7aa2-412a-b1cb-ec42a74b8307,2026-01-25,present,,2026-02-05 11:46:52.78285+00
7ca55b3c-734f-4112-9b61-013ffa4f3c48,7c9c6511-2c10-4a3a-bccf-4ff26e37d391,2026-01-24,present,,2026-02-05 11:46:47.473318+00
7cba5fa5-55a3-4580-925c-ca09820dfac4,fb30dfd9-51ce-47e3-a30a-4ee1de5a8e69,2026-01-10,present,,2026-02-05 11:44:35.481946+00
7d000f2c-79f8-4082-bfdb-a3e4be3d26ff,e0b04c39-a8bf-4e4e-8931-21f102ea7e37,2026-01-13,present,,2026-02-05 11:45:09.119569+00
7d10aced-5a2e-4bb0-8df9-087efebdc7f9,bdf5a01c-43b0-4851-a170-1c0c39e000d1,2026-01-12,present,,2026-02-05 11:45:06.204723+00
7d42cba2-08bf-44f3-944b-2e14a84858a4,224d76cd-e381-47ca-8280-9b8ad9fbf5da,2026-01-31,present,,2026-02-05 11:47:05.610372+00
7ddbf86b-de63-470c-910e-f332b0affb9f,fb30dfd9-51ce-47e3-a30a-4ee1de5a8e69,2026-01-11,present,,2026-02-05 11:44:58.151514+00
7dfd5208-b16d-4ea5-afbd-11566e828a4f,40cdb58a-eb46-431d-a7fc-b133d09d7605,2026-01-17,present,,2026-02-05 11:45:59.217052+00
7ec01981-d3ab-4a6a-990b-a5606882e742,9bdf1ef5-26d7-4ae2-a590-fab27d29717f,2026-01-17,present,,2026-02-05 11:45:59.235025+00
7f7cb4d8-3bad-4314-8bce-a0c12cc00fd1,e0b04c39-a8bf-4e4e-8931-21f102ea7e37,2026-01-28,present,,2026-02-05 11:47:05.506512+00
7f9d4fa1-73e3-4bd8-8b24-0a9bc853286a,5e76c765-0437-434d-9299-cb856f5fb431,2026-01-22,present,,2026-01-29 12:37:52.726381+00
7fd551ca-35f2-4236-9a74-4b4b6175f225,f720d096-bcee-4dfa-8250-451fda7d0c9a,2026-01-20,present,,2026-02-05 11:46:04.894737+00
8086df97-6297-4698-a138-07c3670de848,f720d096-bcee-4dfa-8250-451fda7d0c9a,2026-01-12,present,,2026-02-05 11:45:06.953752+00
80b21d1b-51c7-40b5-b140-fa41bde661ef,d20ff633-88f0-4493-994d-ace8850dd38a,2026-01-26,present,,2026-02-05 11:46:57.319679+00
814a2ab1-461d-4935-92a0-e2cacc21982c,9bdf1ef5-26d7-4ae2-a590-fab27d29717f,2026-01-16,present,,2026-02-05 11:45:24.038332+00
8171aa98-fce2-4e69-8b82-341b9baeb955,5e76c765-0437-434d-9299-cb856f5fb431,2026-01-31,present,,2026-02-05 11:47:05.749399+00
81be64b8-d8b3-4d21-b3db-0f1e4ebdbeec,fb30dfd9-51ce-47e3-a30a-4ee1de5a8e69,2026-01-14,present,,2026-02-05 11:45:09.140278+00
823a0cd2-1266-4dbe-a70a-846e4d229a71,40cdb58a-eb46-431d-a7fc-b133d09d7605,2026-01-02,absent,,2026-02-05 11:44:10.812242+00
825009b9-169b-46bb-b778-e68cfba1cd76,f720d096-bcee-4dfa-8250-451fda7d0c9a,2026-01-22,present,,2026-02-05 11:46:23.830517+00
834bb09a-246b-4497-bc41-e5b46a524d5a,e0b04c39-a8bf-4e4e-8931-21f102ea7e37,2026-01-31,present,,2026-02-05 11:47:05.612894+00
837b3ce7-86c9-46f8-99bc-9dcc5c65934c,9bdf1ef5-26d7-4ae2-a590-fab27d29717f,2026-01-22,present,,2026-02-05 11:46:20.487064+00
85be0ee1-ecba-4518-82f1-095cb38c0466,9bdf1ef5-26d7-4ae2-a590-fab27d29717f,2026-01-20,present,,2026-02-05 11:46:04.859505+00
86600b48-4508-4d8b-b6d6-77e25bd8e005,5e76c765-0437-434d-9299-cb856f5fb431,2026-01-07,absent,,2026-01-29 12:36:05.992323+00
87e6ab65-510b-4e9e-8ad8-7b38b532ae03,f41a7d58-7aa2-412a-b1cb-ec42a74b8307,2026-01-29,present,,2026-02-05 11:47:05.509571+00
88c17d86-aec5-4a0c-aa82-ee2c473b1b50,224d76cd-e381-47ca-8280-9b8ad9fbf5da,2026-01-12,present,,2026-02-05 11:45:07.374548+00
89243f82-9627-40db-affe-8c94a21cec23,d20ff633-88f0-4493-994d-ace8850dd38a,2026-01-21,present,,2026-02-05 11:46:04.95686+00
89c49cb5-97a4-4b53-8d91-c07fe590d557,f41a7d58-7aa2-412a-b1cb-ec42a74b8307,2026-01-09,present,,2026-02-05 11:44:29.246541+00
8a035b68-048f-4d95-9d4b-3f09f8d25b7c,fb30dfd9-51ce-47e3-a30a-4ee1de5a8e69,2026-01-26,present,,2026-02-05 11:46:58.520539+00
8a14e657-068b-428b-be3a-b7f78c6c1a4e,f41a7d58-7aa2-412a-b1cb-ec42a74b8307,2026-01-14,present,,2026-02-05 11:45:09.122629+00
8a41548f-dc1d-477d-8751-821fd426bfba,f720d096-bcee-4dfa-8250-451fda7d0c9a,2026-01-05,present,,2026-02-05 11:44:27.867287+00
8af76a1e-ebdb-4cc1-9ef3-00b8ef8cc995,9bdf1ef5-26d7-4ae2-a590-fab27d29717f,2026-01-28,present,,2026-02-05 11:47:05.492075+00
8da010bb-d46e-488f-8ab6-c0efa0918835,f720d096-bcee-4dfa-8250-451fda7d0c9a,2026-01-08,present,,2026-02-05 11:44:52.364419+00
8dce3aa2-fd23-4298-a79a-024a9cc38753,f720d096-bcee-4dfa-8250-451fda7d0c9a,2026-01-11,present,,2026-02-05 11:44:58.151783+00
8e187804-2413-4750-8c06-ed1e4565ddce,e0b04c39-a8bf-4e4e-8931-21f102ea7e37,2026-01-14,present,,2026-02-05 11:45:09.219768+00
8e7c1a93-c0fc-4563-abff-e69e04a26282,f41a7d58-7aa2-412a-b1cb-ec42a74b8307,2026-01-15,present,,2026-02-05 11:45:09.222479+00
90197dc3-442d-4276-a9b4-faccf939453f,6cab2a2c-bf77-48ca-95d1-b9c53aed6624,2026-01-10,present,,2026-02-05 11:44:35.471613+00
90d1caa7-f523-495e-9d6a-711f3f92041c,e0b04c39-a8bf-4e4e-8931-21f102ea7e37,2026-01-07,present,,2026-02-05 11:44:45.04099+00
91287cb4-749f-4bab-9dcd-71f03fe41a8b,f41a7d58-7aa2-412a-b1cb-ec42a74b8307,2026-01-16,present,,2026-02-05 11:45:24.041709+00
9135c8b2-f8cc-425b-a34e-82818b981e5e,224d76cd-e381-47ca-8280-9b8ad9fbf5da,2026-01-04,present,,2026-01-29 12:36:35.54448+00
91ef2a59-9621-41e0-a0f2-d140187fc54f,f720d096-bcee-4dfa-8250-451fda7d0c9a,2026-01-25,present,,2026-02-05 11:46:55.021021+00
92182cf2-246e-40f7-98a2-29ae90d60f2f,fb30dfd9-51ce-47e3-a30a-4ee1de5a8e69,2026-01-05,present,,2026-02-05 11:44:26.67381+00
934ca104-0a1f-4f2e-b768-0f1a317532e8,6cab2a2c-bf77-48ca-95d1-b9c53aed6624,2026-01-29,present,,2026-02-05 11:47:05.529048+00
938a11fb-663b-48e1-b449-a9621affdd12,d20ff633-88f0-4493-994d-ace8850dd38a,2026-01-24,present,,2026-02-05 11:46:47.467863+00
93ffac8e-ed2f-43b1-86d4-6ca30c81f00e,9bdf1ef5-26d7-4ae2-a590-fab27d29717f,2026-01-14,present,,2026-02-05 11:45:09.126652+00
94017a6d-77f8-4f13-a3be-110b91ec852a,224d76cd-e381-47ca-8280-9b8ad9fbf5da,2026-01-26,present,,2026-02-05 11:47:00.075421+00
95cc637c-cc1c-41c8-bbbf-f20b03c07549,e0b04c39-a8bf-4e4e-8931-21f102ea7e37,2026-01-11,present,,2026-02-05 11:44:58.15258+00
95e7aaf8-3abe-4a31-906c-aede6a08ddf0,bdf5a01c-43b0-4851-a170-1c0c39e000d1,2026-01-05,present,,2026-02-05 11:44:27.158568+00
964c800a-d7e3-4593-ac5a-0947356332a1,fb30dfd9-51ce-47e3-a30a-4ee1de5a8e69,2026-01-20,present,,2026-02-05 11:46:04.910541+00
96d53501-6020-42a2-8d87-f70d38de8b79,f41a7d58-7aa2-412a-b1cb-ec42a74b8307,2026-01-04,holiday,,2026-01-29 12:36:35.68377+00
96df2bd6-9450-4d1d-860e-23a9f7ed0a85,6cab2a2c-bf77-48ca-95d1-b9c53aed6624,2026-01-22,present,,2026-02-05 11:46:22.275208+00
98998078-8d3a-4dd0-8dcd-e47df48bed38,40cdb58a-eb46-431d-a7fc-b133d09d7605,2026-01-12,present,,2026-02-05 11:45:03.078769+00
989f6d6e-64a9-4587-9d11-79409055b78f,5e76c765-0437-434d-9299-cb856f5fb431,2026-01-13,absent,,2026-01-29 12:36:57.753561+00
9955d4f9-5e67-4b3e-b809-bd3dc09ba036,7c9c6511-2c10-4a3a-bccf-4ff26e37d391,2026-01-31,present,,2026-02-05 11:47:05.754338+00
9a3282ae-a706-4a34-918f-6ad9ef2a4295,224d76cd-e381-47ca-8280-9b8ad9fbf5da,2026-01-01,present,,2026-02-05 11:44:06.353096+00
9af861ac-8068-4a63-a1ed-e69b33377406,9bdf1ef5-26d7-4ae2-a590-fab27d29717f,2026-01-02,present,,2026-02-05 11:44:10.772135+00
9b848b42-14bc-4d82-a0a0-874329054ac8,224d76cd-e381-47ca-8280-9b8ad9fbf5da,2026-01-08,present,,2026-02-05 11:44:52.828487+00
9bb9f2e3-3ff8-4117-92b7-a50f24a9ab88,e0b04c39-a8bf-4e4e-8931-21f102ea7e37,2026-01-12,present,,2026-02-05 11:45:06.547427+00
9c0a3bf1-9ca8-4f8e-89d5-ffd776fe861b,9bdf1ef5-26d7-4ae2-a590-fab27d29717f,2026-01-09,present,,2026-02-05 11:44:29.24064+00
9c8d24c4-bd18-4f0c-873d-5296b2a6dc39,224d76cd-e381-47ca-8280-9b8ad9fbf5da,2026-01-14,present,,2026-02-05 11:45:09.139336+00
9cd34536-b86f-4717-b03d-19c25cb089bc,f41a7d58-7aa2-412a-b1cb-ec42a74b8307,2026-01-12,present,,2026-02-05 11:45:03.07683+00
9d17f85b-e79c-46ec-9ee4-24959670d4ae,0809cb1a-5c94-45e6-a2da-fb25ac10dd25,2026-01-22,present,,2026-02-05 11:46:10.812469+00
9d8f875a-18c4-45d9-a6f3-b08110831635,e0b04c39-a8bf-4e4e-8931-21f102ea7e37,2026-01-02,absent,,2026-02-05 11:44:10.827801+00
9dbdf95c-f7a5-4eda-b760-2e7f5d44de79,d20ff633-88f0-4493-994d-ace8850dd38a,2026-01-10,present,,2026-02-05 11:44:35.439134+00
9e1668ff-cb0d-44fe-8e0d-3be925db9793,5e76c765-0437-434d-9299-cb856f5fb431,2026-01-11,absent,,2026-01-29 12:36:50.477475+00
a0dd5993-2a61-434a-8105-91e29bc39248,e0b04c39-a8bf-4e4e-8931-21f102ea7e37,2026-01-09,present,,2026-02-05 11:44:32.607065+00
a15f4e76-485c-4b89-9250-556864535126,9bdf1ef5-26d7-4ae2-a590-fab27d29717f,2026-01-27,present,,2026-02-05 11:47:00.748644+00
a2a7e17a-ca2a-458a-aa76-2ab97a85793a,bdf5a01c-43b0-4851-a170-1c0c39e000d1,2026-01-16,present,,2026-02-05 11:45:24.053831+00
a2ec9f64-fa17-4dea-bf5e-cd286e93b71f,fb30dfd9-51ce-47e3-a30a-4ee1de5a8e69,2026-01-25,present,,2026-02-05 11:46:54.022733+00
a319f414-693c-436b-bced-894db02909e0,d20ff633-88f0-4493-994d-ace8850dd38a,2026-01-16,present,,2026-02-05 11:45:24.046017+00
a3bf7d06-f1d4-4c0c-b0a9-9ca00435146b,9bdf1ef5-26d7-4ae2-a590-fab27d29717f,2026-01-11,present,,2026-02-05 11:44:58.140356+00
a3e7bcb9-f9f8-4eed-a7f2-c90122fd1b9c,224d76cd-e381-47ca-8280-9b8ad9fbf5da,2026-01-25,present,,2026-02-05 11:46:55.291321+00
a3e94b43-ad9c-48e5-9236-12db11888213,9bdf1ef5-26d7-4ae2-a590-fab27d29717f,2026-01-25,present,,2026-02-05 11:46:51.583402+00
a53c4d56-e7e0-483a-b176-4bb657b5a390,fb30dfd9-51ce-47e3-a30a-4ee1de5a8e69,2026-01-13,present,,2026-02-05 11:45:09.115272+00
a5596d9e-8218-4518-8023-37d1308daf1f,f720d096-bcee-4dfa-8250-451fda7d0c9a,2026-01-31,present,,2026-02-05 11:47:05.61207+00
a58c29c4-a7ec-4175-a16a-00c20a62750f,40cdb58a-eb46-431d-a7fc-b133d09d7605,2026-01-10,present,,2026-02-05 11:44:35.415076+00
a69c4039-2a95-4223-a31d-c1950fa774dc,224d76cd-e381-47ca-8280-9b8ad9fbf5da,2026-01-02,present,,2026-02-05 11:44:10.828367+00
a6cc84ff-da0a-4c53-bc14-cd7eddff7f9c,40cdb58a-eb46-431d-a7fc-b133d09d7605,2026-01-24,present,,2026-02-05 11:46:47.470363+00
a7ea45be-c9a2-4299-8fec-f8f1a10ba4d9,7c9c6511-2c10-4a3a-bccf-4ff26e37d391,2026-01-23,present,,2026-02-05 11:46:25.598002+00
aa5df4d4-0f33-48c6-9ec5-ef0a0cc7b7ba,9bdf1ef5-26d7-4ae2-a590-fab27d29717f,2026-01-30,present,,2026-02-05 11:47:05.551593+00
abe5c709-e304-4dab-a7de-29a80345fe57,0809cb1a-5c94-45e6-a2da-fb25ac10dd25,2026-01-11,absent,,2026-02-05 11:44:58.11153+00
ac5ed821-ba89-4504-bb5a-44a5d1321734,7c9c6511-2c10-4a3a-bccf-4ff26e37d391,2026-01-25,present,,2026-02-05 11:46:53.744177+00
ad4187b6-c92c-47ed-bc0e-bf23d79cb94a,f720d096-bcee-4dfa-8250-451fda7d0c9a,2026-01-17,present,,2026-02-05 11:45:59.198442+00
aed3c36b-b7f3-4bad-a89f-69449f65f3d8,f41a7d58-7aa2-412a-b1cb-ec42a74b8307,2026-01-24,present,,2026-02-05 11:46:47.465954+00
aeee6fb0-2cb4-4e19-b949-7e07172bf7ee,40cdb58a-eb46-431d-a7fc-b133d09d7605,2026-01-22,absent,,2026-02-05 11:46:21.108631+00
aef12103-aa31-47bf-8e61-e10ec9f93fc5,fb30dfd9-51ce-47e3-a30a-4ee1de5a8e69,2026-01-28,present,,2026-02-05 11:47:05.499797+00
aef2c3aa-8354-45c3-8c80-f95192a3e2c7,40cdb58a-eb46-431d-a7fc-b133d09d7605,2026-01-04,holiday,,2026-01-29 12:36:35.720527+00
b0949579-f6a2-4046-b498-6bc68407f20e,f720d096-bcee-4dfa-8250-451fda7d0c9a,2026-01-19,present,,2026-02-05 11:46:04.811751+00
b27c502f-10b1-4b17-89b5-ca6c75ad1bbd,9bdf1ef5-26d7-4ae2-a590-fab27d29717f,2026-01-03,present,,2026-02-05 11:44:17.028733+00
b315e7ec-4b73-41ae-82ce-a72ef4ff2166,f41a7d58-7aa2-412a-b1cb-ec42a74b8307,2026-01-02,present,,2026-02-05 11:44:10.809759+00
b316a691-ad70-4259-95e0-ce5469b820ad,e0b04c39-a8bf-4e4e-8931-21f102ea7e37,2026-01-26,present,,2026-02-05 11:46:59.246757+00
b3a33d7d-27e0-400a-b5ac-0b578eca281d,5e76c765-0437-434d-9299-cb856f5fb431,2026-01-06,absent,,2026-01-29 12:36:03.862545+00
b4534092-42bd-4328-a299-0c43a8b85284,40cdb58a-eb46-431d-a7fc-b133d09d7605,2026-01-13,present,,2026-02-05 11:45:09.085983+00
b489add1-4ff8-4445-b707-88b464b84f40,9bdf1ef5-26d7-4ae2-a590-fab27d29717f,2026-01-13,present,,2026-02-05 11:45:07.996917+00
b48dde3b-5eae-4049-b5ad-bcd4f607ae60,224d76cd-e381-47ca-8280-9b8ad9fbf5da,2026-01-18,present,,2026-01-29 12:37:30.8179+00
b4baf352-fd47-446f-b151-69b549b10bbc,9bdf1ef5-26d7-4ae2-a590-fab27d29717f,2026-01-24,present,,2026-02-05 11:46:47.45873+00
b50a893f-a56c-4470-b989-626dc5c0e473,f720d096-bcee-4dfa-8250-451fda7d0c9a,2026-01-16,present,,2026-02-05 11:45:24.067956+00
b593ddbe-b930-4cff-8dbb-97405430f725,7c9c6511-2c10-4a3a-bccf-4ff26e37d391,2026-01-14,present,,2026-02-05 11:45:09.135064+00
b5f82266-3f14-49c7-a3e5-739217bbed0f,9bdf1ef5-26d7-4ae2-a590-fab27d29717f,2026-01-23,present,,2026-02-05 11:46:24.802529+00
b6624261-44d2-4e5d-a781-dcb9d5f528f0,5e76c765-0437-434d-9299-cb856f5fb431,2026-01-16,present,,2026-01-29 12:37:03.594105+00
b68d7e4d-5b62-4f95-b40d-2bfb30c2856d,0809cb1a-5c94-45e6-a2da-fb25ac10dd25,2026-01-29,present,,2026-02-05 11:47:05.529963+00
b69fb5fb-84fc-4e2a-8569-23aff880daaf,bdf5a01c-43b0-4851-a170-1c0c39e000d1,2026-01-01,present,,2026-02-05 11:44:06.462569+00
b69fe760-ad06-4fdd-a07d-d54008aadf26,fb30dfd9-51ce-47e3-a30a-4ee1de5a8e69,2026-01-18,holiday,,2026-01-29 12:37:30.821308+00
b835d5c9-6cdf-433e-8c95-907b058c0e75,d20ff633-88f0-4493-994d-ace8850dd38a,2026-01-13,present,,2026-02-05 11:45:09.119379+00
b8d18e6a-e922-4912-ad8b-2b242235dc4c,bdf5a01c-43b0-4851-a170-1c0c39e000d1,2026-01-09,present,,2026-02-05 11:44:29.808927+00
b9301a4e-0a44-47eb-ac51-5627e54e069b,7c9c6511-2c10-4a3a-bccf-4ff26e37d391,2026-01-27,present,,2026-02-05 11:47:01.744339+00
b9490397-0ede-4a13-8453-d4e29475dd2b,0809cb1a-5c94-45e6-a2da-fb25ac10dd25,2026-01-21,present,,2026-02-05 11:46:04.938754+00
b95b7562-f841-4198-90dc-451ef212b6c1,d20ff633-88f0-4493-994d-ace8850dd38a,2026-01-07,present,,2026-02-05 11:44:45.023927+00
b9ee3f39-eff8-4fcc-aaf8-de11d9768ca1,fb30dfd9-51ce-47e3-a30a-4ee1de5a8e69,2026-01-19,present,,2026-02-05 11:46:04.353567+00
ba80fc45-c31a-42fb-a4b4-c802b037f6f6,f41a7d58-7aa2-412a-b1cb-ec42a74b8307,2026-01-01,present,,2026-02-05 11:44:06.495086+00
bb0c89ab-4adf-4615-9be5-423b9771ec5f,d20ff633-88f0-4493-994d-ace8850dd38a,2026-01-09,present,,2026-02-05 11:44:29.23855+00
bb37c24f-dca0-4fbe-9a84-f9d55989d33b,e0b04c39-a8bf-4e4e-8931-21f102ea7e37,2026-01-03,present,,2026-02-05 11:44:16.999203+00
bb5e9ba1-0380-4fed-8813-331e545bfe38,fb30dfd9-51ce-47e3-a30a-4ee1de5a8e69,2026-01-04,holiday,,2026-01-29 12:36:35.746915+00
bbaac13f-662c-40f5-a8dd-abc05b877c91,f41a7d58-7aa2-412a-b1cb-ec42a74b8307,2026-01-28,present,,2026-02-05 11:47:05.499083+00
bbd2e1fe-37e7-467b-99d8-86076c09b096,d20ff633-88f0-4493-994d-ace8850dd38a,2026-01-25,present,,2026-02-05 11:46:53.024028+00
bbefbb59-2ef0-44cc-a323-819c57a1df61,f41a7d58-7aa2-412a-b1cb-ec42a74b8307,2026-01-23,present,,2026-02-05 11:46:25.588159+00
bec3d21d-d03b-4154-8689-73fc8983e1f2,bdf5a01c-43b0-4851-a170-1c0c39e000d1,2026-01-31,present,,2026-02-05 11:47:05.614135+00
bf1342bb-640d-4653-8e66-2dcefc148717,40cdb58a-eb46-431d-a7fc-b133d09d7605,2026-01-20,present,,2026-02-05 11:46:04.821184+00
c22ebbc2-1727-4a3a-b531-a4de5080a2e5,bdf5a01c-43b0-4851-a170-1c0c39e000d1,2026-01-06,present,,2026-02-05 11:44:42.1702+00
c2533874-0f84-4aeb-83f6-31031ab84b49,224d76cd-e381-47ca-8280-9b8ad9fbf5da,2026-01-20,present,,2026-02-05 11:46:04.902906+00
c267738e-df43-4c2d-9ab4-e7393111bcdf,d20ff633-88f0-4493-994d-ace8850dd38a,2026-01-02,present,,2026-02-05 11:44:10.81611+00
c2951173-31ae-42d7-a88d-0fdd0f744e7f,d20ff633-88f0-4493-994d-ace8850dd38a,2026-01-04,holiday,,2026-01-29 12:36:35.680166+00
c2eccc19-fbdf-491f-bdbb-4f46ec754539,40cdb58a-eb46-431d-a7fc-b133d09d7605,2026-01-23,present,,2026-02-05 11:46:25.589735+00
c4b2b585-876d-49c8-aaec-89740ef4fa10,f720d096-bcee-4dfa-8250-451fda7d0c9a,2026-01-04,holiday,,2026-01-29 12:36:35.515329+00
c5054e6a-ba6d-4343-a8f0-1d3653e21315,f720d096-bcee-4dfa-8250-451fda7d0c9a,2026-01-21,present,,2026-02-05 11:46:04.931988+00
c5ba7dfc-c908-432f-85d7-62bd7def2e4b,5e76c765-0437-434d-9299-cb856f5fb431,2026-01-25,present,,2026-01-29 12:38:03.068684+00
c6af90bf-6220-49e0-952f-234885c348c4,bdf5a01c-43b0-4851-a170-1c0c39e000d1,2026-01-11,present,,2026-02-05 11:44:58.174995+00
c8b70206-f742-4efd-befc-478a5e83e5d5,bdf5a01c-43b0-4851-a170-1c0c39e000d1,2026-01-29,present,,2026-02-05 11:47:05.528351+00
c941680f-7bc6-4c35-8340-52ff61bb594b,e0b04c39-a8bf-4e4e-8931-21f102ea7e37,2026-01-08,present,,2026-02-05 11:44:52.067426+00
c9838e60-bc55-45f5-8cd9-4adbf3243c30,40cdb58a-eb46-431d-a7fc-b133d09d7605,2026-01-15,absent,,2026-02-05 11:45:09.152014+00
c9c30261-802a-4cc4-b88b-c5e06d826803,6cab2a2c-bf77-48ca-95d1-b9c53aed6624,2026-01-28,present,,2026-02-05 11:47:05.507772+00
ca394977-f490-449b-8867-2d1387b72443,bdf5a01c-43b0-4851-a170-1c0c39e000d1,2026-01-07,present,,2026-02-05 11:44:45.031483+00
ce3335ee-75e5-45e0-80f0-a56f1390c1b8,40cdb58a-eb46-431d-a7fc-b133d09d7605,2026-01-27,present,,2026-02-05 11:47:01.684691+00
ce723dbb-0c05-43a5-afa2-98bd8ec192b0,f720d096-bcee-4dfa-8250-451fda7d0c9a,2026-01-18,holiday,,2026-01-29 12:37:30.851765+00
ce7bf710-2938-4f3c-be7e-918d319f643d,0809cb1a-5c94-45e6-a2da-fb25ac10dd25,2026-01-27,present,,2026-02-05 11:47:00.393364+00
cf395a68-d47a-4daf-8749-caad222d5375,7c9c6511-2c10-4a3a-bccf-4ff26e37d391,2026-01-28,present,,2026-02-05 11:47:05.500172+00
cfa28a3c-dde8-40c1-8d1a-305b24b84f80,6cab2a2c-bf77-48ca-95d1-b9c53aed6624,2026-01-26,present,,2026-02-05 11:46:57.771947+00
d02689e1-d1b1-4314-b3f8-b39ef8a765f7,d20ff633-88f0-4493-994d-ace8850dd38a,2026-01-22,present,,2026-02-05 11:46:21.977446+00
d0903c6d-7126-4420-9c54-882b1289dfc5,224d76cd-e381-47ca-8280-9b8ad9fbf5da,2026-01-28,present,,2026-02-05 11:47:05.507824+00
d1f4ba5e-f1c9-4dd4-b22a-3a0f97f8bbbb,0809cb1a-5c94-45e6-a2da-fb25ac10dd25,2026-01-04,holiday,,2026-01-29 12:36:35.697585+00
d27cd7af-b0b1-4705-8d02-a2d14aea7c21,6cab2a2c-bf77-48ca-95d1-b9c53aed6624,2026-01-27,present,,2026-02-05 11:47:01.744929+00
d30b091b-1247-43db-b387-eb9a44230d07,fb30dfd9-51ce-47e3-a30a-4ee1de5a8e69,2026-01-31,present,,2026-02-05 11:47:05.608058+00
d3230825-b041-4e3f-8116-750aabd29900,224d76cd-e381-47ca-8280-9b8ad9fbf5da,2026-01-06,present,,2026-02-05 11:44:43.177335+00
d3c8611e-759a-4b6c-9ed2-c4eeeeeed08e,40cdb58a-eb46-431d-a7fc-b133d09d7605,2026-01-03,present,,2026-02-05 11:44:17.182553+00
d3ce500f-c104-4690-85e0-e4f06eb52804,d20ff633-88f0-4493-994d-ace8850dd38a,2026-01-27,present,,2026-02-05 11:47:01.682175+00
d47e6bed-4c5a-4b34-9e99-0f8fa30435e1,0809cb1a-5c94-45e6-a2da-fb25ac10dd25,2026-01-28,absent,,2026-02-05 11:47:05.491914+00
d4856e36-68c6-4caa-bc41-748b25a5acc1,f720d096-bcee-4dfa-8250-451fda7d0c9a,2026-01-28,present,,2026-02-05 11:47:05.513409+00
d4db5d2c-61c8-4b8f-814b-c027715221cc,5e76c765-0437-434d-9299-cb856f5fb431,2026-01-10,absent,,2026-01-29 12:36:47.130043+00
d8c205a1-3a69-4808-8fdf-f787d64990b5,fb30dfd9-51ce-47e3-a30a-4ee1de5a8e69,2026-01-12,present,,2026-02-05 11:45:05.682078+00
d94ce3b9-24b7-4f08-b41d-69d375b1ed59,5e76c765-0437-434d-9299-cb856f5fb431,2026-01-29,present,,2026-01-29 12:38:13.472297+00
d9768644-2d43-4972-bf69-9111bd0c6496,d20ff633-88f0-4493-994d-ace8850dd38a,2026-01-23,present,,2026-02-05 11:46:25.593509+00
d9cdf89e-e630-4f56-81f1-5b8a8f474161,7c9c6511-2c10-4a3a-bccf-4ff26e37d391,2026-01-06,present,,2026-02-05 11:44:41.515345+00
da082681-2fee-452a-802a-eba3afb4afcf,6cab2a2c-bf77-48ca-95d1-b9c53aed6624,2026-01-01,present,,2026-02-05 11:44:06.242166+00
da1dc0eb-67c8-41df-b1d7-cad4caee235f,d20ff633-88f0-4493-994d-ace8850dd38a,2026-01-30,present,,2026-02-05 11:47:05.539176+00
da77fb7c-49cd-4910-ae4a-80ee98852ea0,fb30dfd9-51ce-47e3-a30a-4ee1de5a8e69,2026-01-15,present,,2026-02-05 11:45:09.218982+00
db372356-97d9-4afc-95fb-8b4e01467d55,7c9c6511-2c10-4a3a-bccf-4ff26e37d391,2026-01-03,present,,2026-02-05 11:44:17.032014+00
dbe2f9c5-70fe-4a18-832c-29464941313b,5e76c765-0437-434d-9299-cb856f5fb431,2026-01-30,present,,2026-02-05 11:47:05.542916+00
dc0a4716-fd85-4709-b22e-e7a4c7352d4a,f720d096-bcee-4dfa-8250-451fda7d0c9a,2026-01-29,present,,2026-02-05 11:47:05.535739+00
de7b2e33-fe2d-413c-b641-02390559fd8e,d20ff633-88f0-4493-994d-ace8850dd38a,2026-01-31,present,,2026-02-05 11:47:05.582441+00
de916981-dede-4bc5-b92a-d4fea7fee8d6,40cdb58a-eb46-431d-a7fc-b133d09d7605,2026-01-26,present,,2026-02-05 11:46:56.641469+00
debf01cb-6dec-4ad2-aeed-4fc8172bc379,f41a7d58-7aa2-412a-b1cb-ec42a74b8307,2026-01-31,present,,2026-02-05 11:47:05.580552+00
df208d30-0a65-49bd-96a3-26d510191e48,d20ff633-88f0-4493-994d-ace8850dd38a,2026-01-14,present,,2026-02-05 11:45:09.122696+00
df4443ba-cbf7-4eef-9c09-2270800e1daa,bdf5a01c-43b0-4851-a170-1c0c39e000d1,2026-01-22,present,,2026-02-05 11:46:23.163077+00
dfabcf3b-00a7-4942-be96-b704339627e1,f41a7d58-7aa2-412a-b1cb-ec42a74b8307,2026-01-13,present,,2026-02-05 11:45:09.102739+00
dfce8a80-63f6-46c1-839e-35ec72dfbe86,7c9c6511-2c10-4a3a-bccf-4ff26e37d391,2026-01-12,present,,2026-02-05 11:45:03.911587+00
e04917f1-c7c0-482d-99db-027956fe72fd,f720d096-bcee-4dfa-8250-451fda7d0c9a,2026-01-10,present,,2026-02-05 11:44:35.478412+00
e16e0159-a8e3-4b91-a9af-86816028aa57,224d76cd-e381-47ca-8280-9b8ad9fbf5da,2026-01-17,present,,2026-02-05 11:45:59.190112+00
e185fae7-b030-4fba-a96c-3695bed63312,7c9c6511-2c10-4a3a-bccf-4ff26e37d391,2026-01-18,holiday,,2026-01-29 12:37:30.877302+00
e2ca9e2f-d335-42cd-875d-e7b3d4ad78af,6cab2a2c-bf77-48ca-95d1-b9c53aed6624,2026-01-15,present,,2026-02-05 11:45:09.221329+00
e2e7c9fc-27be-4b87-aaef-2da1bc6dd190,9bdf1ef5-26d7-4ae2-a590-fab27d29717f,2026-01-04,holiday,,2026-01-29 12:36:35.699987+00
e55d844c-73b9-4d03-8fe0-3db7c53238f2,40cdb58a-eb46-431d-a7fc-b133d09d7605,2026-01-21,present,,2026-02-05 11:46:04.924521+00
e5e5dc14-37e5-4fcb-9987-dfecb87e3193,bdf5a01c-43b0-4851-a170-1c0c39e000d1,2026-01-13,present,,2026-02-05 11:45:09.118212+00
e5e84e10-e5d7-49a2-a262-e1098cf340f5,5e76c765-0437-434d-9299-cb856f5fb431,2026-01-05,absent,,2026-01-29 12:36:01.640809+00
e6e6cf68-0428-423f-aee5-f7a52c8dfbf9,e0b04c39-a8bf-4e4e-8931-21f102ea7e37,2026-01-10,present,,2026-02-05 11:44:35.478095+00
e912cf16-ae81-4046-97fb-dc692573d6e1,f41a7d58-7aa2-412a-b1cb-ec42a74b8307,2026-01-21,present,,2026-02-05 11:46:04.941834+00
ea98fab0-a317-4ac8-bb89-361e0ce1b668,6cab2a2c-bf77-48ca-95d1-b9c53aed6624,2026-01-14,present,,2026-02-05 11:45:09.248132+00
eacbf476-986c-4517-83b9-b1c8d6e06a1d,40cdb58a-eb46-431d-a7fc-b133d09d7605,2026-01-29,present,,2026-02-05 11:47:05.513625+00
eacddae5-f6d1-478a-9ccb-b87139cc92ff,f41a7d58-7aa2-412a-b1cb-ec42a74b8307,2026-01-17,present,,2026-02-05 11:45:59.214114+00
eaffc302-a888-4ab6-964a-9a80db0948c1,40cdb58a-eb46-431d-a7fc-b133d09d7605,2026-01-28,present,,2026-02-05 11:47:05.503649+00
eb6e9bcf-eba4-41b1-934d-26b6389e5c1a,7c9c6511-2c10-4a3a-bccf-4ff26e37d391,2026-01-13,present,,2026-02-05 11:45:09.111174+00
ebc90ce6-7a53-45b0-b4dd-4d6b5b4421f2,fb30dfd9-51ce-47e3-a30a-4ee1de5a8e69,2026-01-23,present,,2026-02-05 11:46:25.607227+00
ebf84a34-b102-4366-bf55-60361b5a061d,0809cb1a-5c94-45e6-a2da-fb25ac10dd25,2026-01-16,present,,2026-02-05 11:45:24.036709+00
ecb91411-3d83-4605-872b-8080fbfa79f4,5e76c765-0437-434d-9299-cb856f5fb431,2026-01-21,present,,2026-01-29 12:37:49.572897+00
ecba4b83-d8e5-4ac7-bd19-8f7e8a27542e,f41a7d58-7aa2-412a-b1cb-ec42a74b8307,2026-01-07,present,,2026-02-05 11:44:45.022187+00
ed88a399-3673-4808-91d8-d34d5026b20e,5e76c765-0437-434d-9299-cb856f5fb431,2026-01-04,holiday,,2026-01-29 12:35:59.594129+00
edf4b125-8a21-467b-a5e6-749acf946c95,f41a7d58-7aa2-412a-b1cb-ec42a74b8307,2026-01-30,present,,2026-02-05 11:47:05.557774+00
ee1f8a3e-a09b-4da0-ab3c-58e3ee5965f5,fb30dfd9-51ce-47e3-a30a-4ee1de5a8e69,2026-01-24,present,,2026-02-05 11:46:47.473223+00
ef326e82-128f-4bcb-a37d-c0f2a151b6bd,5e76c765-0437-434d-9299-cb856f5fb431,2026-01-26,present,,2026-01-29 12:38:05.628413+00
ef653a29-c334-42a7-870b-daed2f0a58c3,5e76c765-0437-434d-9299-cb856f5fb431,2026-01-15,present,,2026-01-29 12:37:01.777101+00
ef677671-0ad6-4f37-acd6-d277ff2af80b,40cdb58a-eb46-431d-a7fc-b133d09d7605,2026-01-19,present,,2026-02-05 11:46:04.345772+00
ef8d58de-dd16-4ae2-b63d-a43c9b28ace0,9bdf1ef5-26d7-4ae2-a590-fab27d29717f,2026-01-10,present,,2026-02-05 11:44:34.232285+00
f08a792f-01a3-483b-a6c8-d5c47abc3369,6cab2a2c-bf77-48ca-95d1-b9c53aed6624,2026-01-21,present,,2026-02-05 11:46:04.943597+00
f133264f-d643-40fd-92ee-2cb0ce16b43a,fb30dfd9-51ce-47e3-a30a-4ee1de5a8e69,2026-01-08,present,,2026-02-05 11:44:51.498543+00
f159de8d-da88-4f3b-8176-d843359c4e76,e0b04c39-a8bf-4e4e-8931-21f102ea7e37,2026-01-22,present,,2026-02-05 11:46:23.569166+00
f2c994c4-4823-462a-b7fb-a03e763534b1,f41a7d58-7aa2-412a-b1cb-ec42a74b8307,2026-01-10,present,,2026-02-05 11:44:35.435407+00
f35ed0aa-53af-472e-b829-2d3c8cf60528,224d76cd-e381-47ca-8280-9b8ad9fbf5da,2026-01-09,present,,2026-02-05 11:44:33.398376+00
f3b6bce9-7862-43b4-a1cd-b1e566884b8a,6cab2a2c-bf77-48ca-95d1-b9c53aed6624,2026-01-18,holiday,,2026-01-29 12:37:30.827904+00
f3c79bf3-244a-4421-8d3a-685f2e0f3c17,40cdb58a-eb46-431d-a7fc-b133d09d7605,2026-01-05,present,,2026-02-05 11:44:23.394597+00
f404e557-07a8-4518-8439-6c1268e9b6e5,224d76cd-e381-47ca-8280-9b8ad9fbf5da,2026-01-19,present,,2026-02-05 11:46:04.845575+00
f43b9d25-76a0-4cbe-ae61-1f32f495887d,d20ff633-88f0-4493-994d-ace8850dd38a,2026-01-29,present,,2026-02-05 11:47:05.522779+00
f5fa227c-39c1-4ea7-ba9f-d19575de4688,0809cb1a-5c94-45e6-a2da-fb25ac10dd25,2026-01-06,present,,2026-02-05 11:44:39.038685+00
f62c11b6-292c-4343-846a-298f4d0eec9d,40cdb58a-eb46-431d-a7fc-b133d09d7605,2026-01-16,present,,2026-02-05 11:45:24.045126+00
f714f55d-f57a-46f8-abec-79e2dc9e7abf,224d76cd-e381-47ca-8280-9b8ad9fbf5da,2026-01-11,present,,2026-02-05 11:44:58.174107+00
f7dcf8e9-80e5-482b-9e6e-0a6912b1dfd6,6cab2a2c-bf77-48ca-95d1-b9c53aed6624,2026-01-20,present,,2026-02-05 11:46:04.889324+00
f8bb0291-96b7-4a42-8cca-bba8298bf1a8,fb30dfd9-51ce-47e3-a30a-4ee1de5a8e69,2026-01-02,present,,2026-02-05 11:44:10.831179+00
f9bd1292-c3e0-4d2f-baf1-7eff18b8d8fb,0809cb1a-5c94-45e6-a2da-fb25ac10dd25,2026-01-02,present,,2026-02-05 11:44:10.721478+00
f9c08179-b2b4-42fb-9a04-4482b4d07b34,0809cb1a-5c94-45e6-a2da-fb25ac10dd25,2026-01-01,present,,2026-02-05 11:44:06.030214+00
f9c6f641-8cb1-451e-ad6a-3e1603f3863c,f720d096-bcee-4dfa-8250-451fda7d0c9a,2026-01-26,present,,2026-02-05 11:46:59.703416+00
f9d7b194-9284-4483-99b7-b41311a5430b,e0b04c39-a8bf-4e4e-8931-21f102ea7e37,2026-01-20,present,,2026-02-05 11:46:04.931353+00
faf9a449-4b29-4e8e-8d39-621a08ec40b8,7c9c6511-2c10-4a3a-bccf-4ff26e37d391,2026-01-10,present,,2026-02-05 11:44:35.456423+00
fb16b7a6-5925-4626-9310-0d742b9ec518,224d76cd-e381-47ca-8280-9b8ad9fbf5da,2026-01-15,present,,2026-02-05 11:45:09.152859+00
fce87a56-1ed4-4831-b48f-ba9a69e495d5,224d76cd-e381-47ca-8280-9b8ad9fbf5da,2026-01-05,present,,2026-02-05 11:44:28.221231+00
fd590c84-83da-4c3b-8e7d-9ec67560811f,0809cb1a-5c94-45e6-a2da-fb25ac10dd25,2026-01-12,present,,2026-02-05 11:45:02.992762+00
fde048d2-0947-48d0-99f3-f7d5064b29e7,f41a7d58-7aa2-412a-b1cb-ec42a74b8307,2026-01-18,holiday,,2026-01-29 12:37:30.80622+00
fe1feb6c-fbc8-47c4-871e-efd38f7b59f3,40cdb58a-eb46-431d-a7fc-b133d09d7605,2026-01-08,present,,2026-02-05 11:44:49.960098+00
ff08bfc6-54ca-4daf-bee5-fa94dc330048,9bdf1ef5-26d7-4ae2-a590-fab27d29717f,2026-01-05,present,,2026-02-05 11:44:23.394059+00